name,contract_code,purchase_value,current_value,current_price,isin
Absa Group,EQU.ZA.ABG,R19 787.33,R19 078.83,R218.28,
BHP Group,EQU.ZA.BHG,R31 127.87,R38 958.04,R69 070.00,
Capitec Bank,EQU.ZA.CPI,R21 365.58,R31 141.76,R4 477.55,
Clicks Group,EQU.ZA.CLS,R9 147.01,R10 163.35,R210.99,
Gold Fields,EQU.ZA.GFI,R10 953.48,R18 928.16,R657.52,ZAE000018123
Growthpoint Properties,EQU.ZA.GRT,R32 487.37,R—,R16.03,
MTN Group,EQU.ZA.MTN,R19 502.79,R26 054.66,R194.39,
MTN Group,EQU.ZA.MTN,R19 502.79,R26 054.66,R194.39,
Naspers,EQU.ZA.NPN,R43 189.01,R43 187.20,R709.38,
Sasol,EQU.ZA.SOL,R57 196.13,R122 643.74,R231.00,ZAE000006896
Shoprite,EQU.ZA.SHP,R33 944.11,R37 738.47,R321.77,
Standard Bank Group,EQU.ZA.SBK,R21 640.43,R28 972.42,R300.72,ZAE000109815
Vodacom Group,EQU.ZA.VOD,R15 855.93,R15 357.20,R151.00,
