reference,trade_date,security_id,side,quantity,price_zar,fees_zar
T0009,2024-01-08,GFI,BUY,19.2605,235.82,15.90
T0014,2024-02-13,NPN,BUY,34.1088,674.04,80.47
T0015,2024-04-24,NPN,BUY,27.2714,735.12,70.17
T0001,2024-07-15,ABG,BUY,29.7646,157.81,16.44
T0018,2024-07-22,SHP,BUY,74.6979,292.41,76.45
T0016,2024-08-19,SBK,BUY,26.4281,237.19,21.94
T0003,2024-12-13,BHG,BUY,28.5311,462.40,46.17
T0007,2024-12-18,FSR,BUY,198.9538,78.93,54.96
T0017,2025-02-25,SBK,BUY,111.2055,220.66,85.89
T0006,2025-03-17,CPI,BUY,6.9550,3061.26,74.52
T0019,2025-06-27,SHP,BUY,42.5861,281.39,41.94
T0020,2025-07-01,SOL,BUY,284.0250,79.61,79.14
T0021,2025-08-22,SOL,BUY,182.4608,108.86,69.52
T0011,2025-09-16,GRT,BUY,635.2732,14.89,33.11
T0013,2025-09-30,MTN,BUY,134.0329,145.00,68.02
T0002,2026-02-03,ABG,BUY,57.6407,260.60,52.57
T0023,2026-02-09,VOD,BUY,101.7033,155.36,55.30
T0022,2026-03-31,SOL,BUY,64.4395,225.37,50.83
T0004,2026-04-29,BHG,BUY,6.0375,650.39,13.74
T0012,2026-05-12,GRT,BUY,1398.0991,16.39,80.20
T0010,2026-05-25,GFI,BUY,9.5267,668.99,22.31
T0008,2026-07-07,FSR,BUY,184.4161,97.36,62.84
T0005,2026-07-08,BHG,BUY,21.8351,636.58,48.65
T0024,2026-08-31,SBK,SELL,41.2901,317.76,45.92
T0025,2026-09-23,ABG,BUY,22.6984,220.28,17.50
